"id","title","related_analysis","chapter_ref","mode","source_doc","original_png","source_png_md5","svg_file","svg_bytes","svg_md5","fidelity_status","carbon_style_status","carbon_aesthetic_status","technical_diagram_role","technical_native_status","technical_diagram_status","non_carbon_hex_count","non_carbon_rgb_count","chart_palette_hits","text_primary_hits","text_secondary_hits","grid_hits"
"strobe_flow","Analitik örneklem akış diyagramı","Analitik akış / STROBE","@fig-strobe-flow","targets-native-vector","chapters/03_bulgular.qmd","outputs/figures/strobe_flow.png","7c00b0b7f2f9acf5f307d563d5a181f2","docs/assets/figures/carbon/primary/fig-01-strobe-flow.svg",6842,"6aa2526469910dbf7ed5ea402cf5e4a1","PASS: native SVG, kaynak PNG mevcut","PASS: IBM Plex + Carbon Charts metadata/palette","PASS: Carbon Charts","Flow shape + Flow number + Connector + Label pill","PASS: custom Technical Diagram SVG; no chart grid/axis/raster layer","PASS: full Figma Technical Diagram Library SVG",0,0,0,0,0,0
"causal_dag","Causal DAG ve ayarlama stratejisi","DAG ve ayarlama seti","@fig-causal-dag","targets-native-vector","chapters/03_bulgular.qmd","outputs/figures/causal_dag.png","e46265bdfcc538c86ac090e0909bd299","docs/assets/figures/carbon/primary/fig-02-causal-dag.svg",12030,"5cf33377912fde312dca35941043d6ee","PASS: native SVG, kaynak PNG mevcut","PASS: IBM Plex + Carbon Charts metadata/palette","PASS: Carbon Charts","Large node + Connector + Legend","PASS: custom Technical Diagram SVG; no chart grid/axis/raster layer","PASS: full Figma Technical Diagram Library SVG",0,0,0,0,0,0
"smd_love_plot","SMD love plot","Propensity denge","@fig-smd-love","targets-native-vector","chapters/03_bulgular.qmd","outputs/figures/smd_love_plot.png","623970f409e13dcc9bedf33e53addb0d","docs/assets/figures/carbon/primary/fig-03-smd-love-plot.svg",141624,"8d03c0d81c2404efd03b8b8245884b02","PASS: native SVG, kaynak PNG mevcut","PASS: IBM Plex + Carbon Charts metadata/palette","PASS: Carbon Charts",NA,"N/A","N/A",0,0,8,2,13,9
"propensity_overlap","Propensity score overlap","Propensity ortak destek","@fig-propensity-overlap","targets-native-vector","chapters/03_bulgular.qmd","outputs/figures/propensity_overlap.png","8866d3156ae9be05dd0fb6e81e740848","docs/assets/figures/carbon/primary/fig-04-propensity-overlap.svg",266517,"f904dc63b7751ba8580ae9d69e97dd2b","PASS: native SVG, kaynak PNG mevcut","PASS: IBM Plex + Carbon Charts metadata/palette","PASS: Carbon Charts",NA,"N/A","N/A",0,0,123,4,135,8
"ses_correlation_heatmap","SES korelasyon matrisi","SES kompozit validasyonu","@fig-ses-correlation","targets-native-vector","chapters/03_bulgular.qmd","outputs/figures/ses_correlation_heatmap.png","58393528044d3eb77fd3925d3a65a830","docs/assets/figures/carbon/primary/fig-05-ses-correlation-heatmap.svg",176672,"cece3ccb13659c52d5c21c78b10d2d7d","PASS: native SVG; heatmap/surface benzeri raster katman içeriyor","PASS: IBM Plex + Carbon Charts metadata/palette","PASS: Carbon Charts; raster/gradient istisnası notlandı",NA,"N/A","N/A",0,14,0,38,18,12
"missing_pattern_primary","Primary FIML/MI eksiklik haritası","Eksik veri yapısı","missing-data-audit","missing-native-vector","scripts/R/13_missing_data_audit.R","outputs/figures/missing_pattern_primary.png","7c43fd0d933d1127fbadf52772b287d3","docs/assets/figures/carbon/primary/fig-06-missing-pattern-primary.svg",165963,"4ece8ba5c109d7eddd8285af680b9282","PASS: native SVG; heatmap/surface benzeri raster katman içeriyor","PASS: IBM Plex + Carbon Charts metadata/palette","PASS: Carbon Charts; raster/gradient istisnası notlandı",NA,"N/A","N/A",0,1,0,2,47,43
"h1_forest","H1 çocuk algısı forest plot","H1 çocuk algısı","@fig-h1-forest","targets-native-vector","chapters/03_bulgular.qmd","outputs/figures/h1_forest.png","eeef851556245c80e0d0b8d5a1c732ce","docs/assets/figures/carbon/primary/fig-07-h1-forest.svg",167198,"4012c05f6ea9bea9bb2c71b9049c3406","PASS: native SVG, kaynak PNG mevcut","PASS: IBM Plex + Carbon Charts metadata/palette","PASS: Carbon Charts",NA,"N/A","N/A",0,0,23,3,11,7
"h1_three_way_emm","H1 rol x yaş x cinsiyet EMM paneli","H1 etkileşim tanısı","@fig-h1-three-way-emm","targets-native-vector","chapters/03_bulgular.qmd","outputs/figures/h1_three_way_emm.png","e09cba97731621c44f5725d1f39b45ad","docs/assets/figures/carbon/primary/fig-08-h1-three-way-emm.svg",256178,"a581075193806aa14dcb6c92df33685a","PASS: native SVG, kaynak PNG mevcut","PASS: IBM Plex + Carbon Charts metadata/palette","PASS: Carbon Charts",NA,"N/A","N/A",0,0,67,10,27,70
"h2_apim_path","H2 APIM yol diyagramı","H2 kardeş ilişkisi APIM","@fig-h2-apim-path","targets-native-vector","chapters/03_bulgular.qmd","outputs/figures/h2_apim_path.png","119954a3b1c8c5e3e8847eaf14f52c94","docs/assets/figures/carbon/primary/fig-09-h2-apim-path.svg",12412,"ae63ecf1d01923475764ea007561f53f","PASS: native SVG, kaynak PNG mevcut","PASS: IBM Plex + Carbon Charts metadata/palette","PASS: Carbon Charts","Large node + Connector line ending + Label text","PASS: custom Technical Diagram SVG; no chart grid/axis/raster layer","PASS: full Figma Technical Diagram Library SVG",0,0,0,0,0,0
"h3_stratified_forest","H3 antidepresan katmanlı forest plot","H3 anne öz-bildirimi","@fig-h3-stratified-forest","targets-native-vector","chapters/03_bulgular.qmd","outputs/figures/h3_stratified_forest.png","03696a90054e2d33bdbe1b14912c5dd3","docs/assets/figures/carbon/primary/fig-10-h3-stratified-forest.svg",162433,"487ea8c213b22bb561cceccb828418c0","PASS: native SVG, kaynak PNG mevcut","PASS: IBM Plex + Carbon Charts metadata/palette","PASS: Carbon Charts",NA,"N/A","N/A",0,0,46,6,15,8
"h4_sem_path","H4 latent SEM yol diyagramı","H4 Beck -> EMBU-P SEM","@fig-h4-sem-path","targets-native-vector","chapters/03_bulgular.qmd","outputs/figures/h4_sem_path.png","12fc5793f9d9499011ff16eecd765d11","docs/assets/figures/carbon/primary/fig-11-h4-sem-path.svg",7318,"f5a86bdf96170a5463ff34643ac3befa","PASS: native SVG, kaynak PNG mevcut","PASS: IBM Plex + Carbon Charts metadata/palette","PASS: Carbon Charts","Large node + Connector line ending + Label text","PASS: custom Technical Diagram SVG; no chart grid/axis/raster layer","PASS: full Figma Technical Diagram Library SVG",0,0,0,0,0,0
"h5_ba_grid","H5 Bland-Altman tutarlılık haritası","H5 manifest uyum","@fig-h5-bland-altman","targets-native-vector","chapters/03_bulgular.qmd","outputs/figures/h5_ba_grid.png","368c6115382afe99b02d48c2c679a2ec","docs/assets/figures/carbon/primary/fig-12-h5-ba-grid.svg",1476966,"1c1cae6789c3501d1e0bd3bf45ba47ed","PASS: native SVG, kaynak PNG mevcut","PASS: IBM Plex + Carbon Charts metadata/palette","PASS: Carbon Charts",NA,"N/A","N/A",0,0,0,11,27,91
"h5_rsa_surface","H5 response surface analysis","H5 RSA uyum yüzeyi","@fig-h5-rsa-surface","targets-native-vector","chapters/03_bulgular.qmd","outputs/figures/h5_rsa_surface.png","440ab4507949bd25de38ee0b093c5e22","docs/assets/figures/carbon/primary/fig-13-h5-rsa-surface.svg",2857927,"391cd375226187ee749f88c9ba4acecb","PASS: native SVG; heatmap/surface benzeri raster katman içeriyor","PASS: IBM Plex + Carbon Charts metadata/palette","PASS: Carbon Charts; raster/gradient istisnası notlandı",NA,"N/A","N/A",0,481,0,16,26,53
"mediation_effects","Mediation yol ve indirect etki özeti","KISIM VI mediation","@fig-mediation-effects","targets-native-vector","chapters/03_bulgular.qmd","outputs/figures/mediation_effects.png","97079300f65dd50821c2c43148e18e22","docs/assets/figures/carbon/primary/fig-14-mediation-effects.svg",178833,"195f910c31d248de0f52c563e648c4b6","PASS: native SVG, kaynak PNG mevcut","PASS: IBM Plex + Carbon Charts metadata/palette","PASS: Carbon Charts",NA,"N/A","N/A",0,0,0,5,22,34
"lpa_fit_indices","LPA model seçim tanıları","KISIM VII LPA","@fig-lpa-fit-indices","targets-native-vector","chapters/03_bulgular.qmd","outputs/figures/lpa_fit_indices.png","16791a50e9f5981e2f1c51a7c57bed1a","docs/assets/figures/carbon/primary/fig-15-lpa-fit-indices.svg",142438,"6f65b42282cf522ca1f7a8788b36ba08","PASS: native SVG, kaynak PNG mevcut","PASS: IBM Plex + Carbon Charts metadata/palette","PASS: Carbon Charts",NA,"N/A","N/A",0,0,0,5,22,31
"network_graph","EBIC-LASSO Gaussian Graphical Model","KISIM VIII ağ modeli","@fig-network-graph","targets-native-vector","chapters/03_bulgular.qmd","outputs/figures/network_graph.png","ba9c23288f9f6b810083797e7c519769","docs/assets/figures/carbon/primary/fig-16-network-graph.svg",8510,"8eda7d17c53f5df5e94eb7ae34a837ec","PASS: native SVG, kaynak PNG mevcut","PASS: IBM Plex + Carbon Charts metadata/palette","PASS: Carbon Charts","Small node + Connector + Legend","PASS: custom Technical Diagram SVG; no chart grid/axis/raster layer","PASS: full Figma Technical Diagram Library SVG",0,0,0,0,0,0
"network_nct","Network Comparison Test özeti","KISIM VIII NCT","@fig-network-nct","targets-native-vector","chapters/03_bulgular.qmd","outputs/figures/network_nct.png","8440852a34acea5cd7fcf8667bc835df","docs/assets/figures/carbon/primary/fig-17-network-nct.svg",126352,"0719e24aa0bdbd43e33b57c07f428ee2","PASS: native SVG, kaynak PNG mevcut","PASS: IBM Plex + Carbon Charts metadata/palette","PASS: Carbon Charts",NA,"N/A","N/A",0,0,0,2,8,7
"clinical_roc","Klinik risk modeli ROC eğrisi","KISIM IX ROC","@fig-clinical-roc","targets-native-vector","chapters/03_bulgular.qmd","outputs/figures/clinical_roc.png","52fb69694fc896df5fb7298888685a5c","docs/assets/figures/carbon/primary/fig-18-clinical-roc.svg",180875,"50cc24a5970cf6744911cca6eb49f9ba","PASS: native SVG, kaynak PNG mevcut","PASS: IBM Plex + Carbon Charts metadata/palette","PASS: Carbon Charts",NA,"N/A","N/A",0,0,0,4,13,10
"clinical_dca","Klinik karar eğrisi analizi","KISIM IX DCA","@fig-clinical-dca","targets-native-vector","chapters/03_bulgular.qmd","outputs/figures/clinical_dca.png","cb1d4c233aa4eb4ff53ee775bab09409","docs/assets/figures/carbon/primary/fig-19-clinical-dca.svg",133841,"d0daf04c6a629d24ef8a94e88a9d06b4","PASS: native SVG, kaynak PNG mevcut","PASS: IBM Plex + Carbon Charts metadata/palette","PASS: Carbon Charts",NA,"N/A","N/A",0,0,0,3,12,8
"clinical_calibration","Klinik risk kalibrasyon grafiği","KISIM IX kalibrasyon","@fig-clinical-calibration","targets-native-vector","chapters/03_bulgular.qmd","outputs/figures/clinical_calibration.png","0ae0defa080008b7e2d82bbe034a7976","docs/assets/figures/carbon/primary/fig-20-clinical-calibration.svg",128506,"501b6bed356bb2dd7f92abe6899fb67e","PASS: native SVG, kaynak PNG mevcut","PASS: IBM Plex + Carbon Charts metadata/palette","PASS: Carbon Charts",NA,"N/A","N/A",0,0,0,4,16,10
"clinical_cart_rf","CART/RF tamamlayıcı klinik tanıları","KISIM IX CART/RF","@fig-clinical-cart-rf","targets-native-vector","chapters/03_bulgular.qmd","outputs/figures/clinical_cart_rf.png","092dae16c7027a21e1409f8637a90533","docs/assets/figures/carbon/primary/fig-21-clinical-cart-rf.svg",164807,"f5aebd0ed9bdf100eb106a2d8b8f0aa6","PASS: native SVG, kaynak PNG mevcut","PASS: IBM Plex + Carbon Charts metadata/palette","PASS: Carbon Charts",NA,"N/A","N/A",0,0,0,21,23,24
"specification_curve","Specification curve","KISIM XI multiverse","@fig-specification-curve","targets-native-vector","chapters/03_bulgular.qmd","outputs/figures/specification_curve.png","605982d0c63174a90148063cb8d0a111","docs/assets/figures/carbon/primary/fig-22-specification-curve.svg",225078,"38c17187e842579a9bf6517180f28a6c","PASS: native SVG, kaynak PNG mevcut","PASS: IBM Plex + Carbon Charts metadata/palette","PASS: Carbon Charts",NA,"N/A","N/A",0,0,0,8,26,36
"sensemakr_contour","Sensemakr duyarlılık konturu","KISIM XI sensemakr/E-value","@fig-sensemakr-contour","targets-native-vector","chapters/03_bulgular.qmd","outputs/figures/sensemakr_contour.png","e707e6fcc4d94c03022110b1b85c9936","docs/assets/figures/carbon/primary/fig-23-sensemakr-contour.svg",666549,"c55fd8737f85446f604defefbfae4cb4","PASS: native SVG; heatmap/surface benzeri raster katman içeriyor","PASS: IBM Plex + Carbon Charts metadata/palette","PASS: Carbon Charts; raster/gradient istisnası notlandı",NA,"N/A","N/A",0,0,0,7,21,8
"bayesian_forest","Bayesçi posterior forest","KISIM XII Bayesçi forest","@fig-bayesian-forest","targets-native-vector","chapters/03_bulgular.qmd","outputs/figures/bayesian_forest.png","f433330df6afa7364549ec0093d1ab33","docs/assets/figures/carbon/primary/fig-24-bayesian-forest.svg",150753,"105863085dd7abf5cdfa732af6b76839","PASS: native SVG, kaynak PNG mevcut","PASS: IBM Plex + Carbon Charts metadata/palette","PASS: Carbon Charts",NA,"N/A","N/A",0,0,0,5,13,18
"bayesian_diagnostics","Bayesçi MCMC tanı paneli","KISIM XII MCMC tanıları","@fig-bayesian-diagnostics","targets-native-vector","chapters/03_bulgular.qmd","outputs/figures/bayesian_diagnostics.png","9423dc91aa8f5dd289ad8db544715832","docs/assets/figures/carbon/primary/fig-25-bayesian-diagnostics.svg",145802,"45fe292ba9ff211a6fd66a4ce82ef7b2","PASS: native SVG, kaynak PNG mevcut","PASS: IBM Plex + Carbon Charts metadata/palette","PASS: Carbon Charts",NA,"N/A","N/A",0,0,15,3,12,9
"reliability","EMBU-P ve EMBU-C güvenirlik katsayıları","Psikometrik güvenirlik","@fig-reliability","quarto-native-vector","docs/analiz_planlari/22-psikometrik-validasyon-butunlesik-rapor.qmd","_freeze/docs/analiz_planlari/22-psikometrik-validasyon-butunlesik-rapor/figure-pdf/fig-reliability-1.png","3c4822ff5ef087a012dd0372b6e2a3e7","docs/assets/figures/carbon/psychometric/psychval-01-reliability.svg",74240,"1b32b8e0ecb1fa21dd401fc9152ea51a","PASS: native SVG, kaynak PNG mevcut","PASS: IBM Plex + Carbon Charts metadata/palette","PASS: Carbon Charts",NA,"N/A","N/A",0,0,20,2,14,10
"floor","EMBU madde düzeyi taban etkisi","Madde taban etkisi","@fig-floor","quarto-native-vector","docs/analiz_planlari/22-psikometrik-validasyon-butunlesik-rapor.qmd","_freeze/docs/analiz_planlari/22-psikometrik-validasyon-butunlesik-rapor/figure-pdf/fig-floor-1.png","cb7beaab09ea1d712d6414ff90f850a6","docs/assets/figures/carbon/psychometric/psychval-02-floor.svg",117828,"a7ad7cff5acba3362a750cff3fac287f","PASS: native SVG, kaynak PNG mevcut","PASS: IBM Plex + Carbon Charts metadata/palette","PASS: Carbon Charts",NA,"N/A","N/A",0,0,136,2,25,40
"cfa","CFA ve cluster duyarlılık uyum göstergeleri","CFA uyum göstergeleri","@fig-cfa","quarto-native-vector","docs/analiz_planlari/22-psikometrik-validasyon-butunlesik-rapor.qmd","_freeze/docs/analiz_planlari/22-psikometrik-validasyon-butunlesik-rapor/figure-pdf/fig-cfa-1.png","581e1f3bde01962d0dfbfa9bb44f564e","docs/assets/figures/carbon/psychometric/psychval-03-cfa.svg",79020,"8554ec6f67e667cfa0ffa1614e2d4524","PASS: native SVG, kaynak PNG mevcut","PASS: IBM Plex + Carbon Charts metadata/palette","PASS: Carbon Charts",NA,"N/A","N/A",0,0,48,3,18,24
"invariance","Scalar CFI ölçüm değişmezliği duyarlılığı","Ölçüm değişmezliği","@fig-invariance","quarto-native-vector","docs/analiz_planlari/22-psikometrik-validasyon-butunlesik-rapor.qmd","_freeze/docs/analiz_planlari/22-psikometrik-validasyon-butunlesik-rapor/figure-pdf/fig-invariance-1.png","bd1eea72f79b23a179605a14d61d00c4","docs/assets/figures/carbon/psychometric/psychval-04-invariance.svg",75526,"6d5d0aeb325af5f670374671bbca0660","PASS: native SVG, kaynak PNG mevcut","PASS: IBM Plex + Carbon Charts metadata/palette","PASS: Carbon Charts",NA,"N/A","N/A",0,0,9,0,11,10
"icc","EMBU-C aile içi ICC ve indeks-kardeş anlaşması","Aile içi ICC","@fig-icc","quarto-native-vector","docs/analiz_planlari/22-psikometrik-validasyon-butunlesik-rapor.qmd","_freeze/docs/analiz_planlari/22-psikometrik-validasyon-butunlesik-rapor/figure-pdf/fig-icc-1.png","e63b86137702991c999aeae3530c925e","docs/assets/figures/carbon/psychometric/psychval-05-icc.svg",46438,"e05ec85edd0c4ded57f65038fdf2f721","PASS: native SVG, kaynak PNG mevcut","PASS: IBM Plex + Carbon Charts metadata/palette","PASS: Carbon Charts",NA,"N/A","N/A",0,0,10,0,8,4
"validity","Beklenen yönlü geçerlik korelasyonları","Geçerlik korelasyonları","@fig-validity","quarto-native-vector","docs/analiz_planlari/22-psikometrik-validasyon-butunlesik-rapor.qmd","_freeze/docs/analiz_planlari/22-psikometrik-validasyon-butunlesik-rapor/figure-pdf/fig-validity-1.png","005f22a560ba2711a7a1ddc4e3270c51","docs/assets/figures/carbon/psychometric/psychval-06-validity.svg",98457,"5a6ca2bb431569866bb5e1bd704cc305","PASS: native SVG, kaynak PNG mevcut","PASS: IBM Plex + Carbon Charts metadata/palette","PASS: Carbon Charts",NA,"N/A","N/A",0,0,18,0,17,17
"multiverse","EMBU-P reddetme DM-Kontrol multiverse eğrisi","Reddetme multiverse","@fig-multiverse","quarto-native-vector","docs/analiz_planlari/22-psikometrik-validasyon-butunlesik-rapor.qmd","_freeze/docs/analiz_planlari/22-psikometrik-validasyon-butunlesik-rapor/figure-pdf/fig-multiverse-1.png","8a45901f3316a870e6313092aa920745","docs/assets/figures/carbon/psychometric/psychval-07-multiverse.svg",60060,"d73721de994bc15fcb0cefc879d32ad0","PASS: native SVG, kaynak PNG mevcut","PASS: IBM Plex + Carbon Charts metadata/palette","PASS: Carbon Charts",NA,"N/A","N/A",0,0,20,0,8,4
"grup-dagilim","Grup başına dahil edilen aile sayısı","Örneklem grup dağılımı","@fig-grup-dagilim","quarto-native-vector","docs/raporlar/01_demografik_tibbi_rapor.qmd","_freeze/docs/raporlar/01_demografik_tibbi_rapor/figure-html/grup-dagilim-1.png","ad77f14dbc4692a3d582d6acaf74fd06","docs/assets/figures/carbon/demographic/demo-01-grup-dagilim.svg",62974,"12c9b5aa88497833c950fca9d7b92db4","PASS: native SVG, kaynak PNG mevcut","PASS: IBM Plex + Carbon Charts metadata/palette","PASS: Carbon Charts",NA,"N/A","N/A",0,0,2,0,5,5
"cocuk-yas-dagilim","Çocuk yaşı ve kardeş yaş farkı dağılımı","Çocuk yaşı ve kardeş yaş farkı","@fig-cocuk-yas-dagilim","quarto-native-vector","docs/raporlar/01_demografik_tibbi_rapor.qmd","_freeze/docs/raporlar/01_demografik_tibbi_rapor/figure-html/cocuk-yas-dagilim-1.png","57f3a94b08e96e31d7716e6d61c53c38","docs/assets/figures/carbon/demographic/demo-02-cocuk-yas-dagilim.svg",135217,"b4f942454db0bd605b857df144326b6f","PASS: native SVG, kaynak PNG mevcut","PASS: IBM Plex + Carbon Charts metadata/palette","PASS: Carbon Charts",NA,"N/A","N/A",0,0,8,0,16,16
"cinsiyet-grup","İndeks çocuk ve kardeş cinsiyet oranları","Cinsiyet oranları","@fig-cinsiyet-grup","quarto-native-vector","docs/raporlar/01_demografik_tibbi_rapor.qmd","_freeze/docs/raporlar/01_demografik_tibbi_rapor/figure-html/cinsiyet-grup-1.png","7e1bd2fcc1c47f553e6ee908d7e800d3","docs/assets/figures/carbon/demographic/demo-03-cinsiyet-grup.svg",79039,"120066a05ac58dea40a346dba9609cec","PASS: native SVG, kaynak PNG mevcut","PASS: IBM Plex + Carbon Charts metadata/palette","PASS: Carbon Charts",NA,"N/A","N/A",0,0,10,2,9,14
"same-sex","Kardeş çifti cinsiyet kompozisyonu","Kardeş cinsiyet kompozisyonu","@fig-same-sex","quarto-native-vector","docs/raporlar/01_demografik_tibbi_rapor.qmd","_freeze/docs/raporlar/01_demografik_tibbi_rapor/figure-html/same-sex-1.png","ba43b142c6bb857315a1ed56b2bf5425","docs/assets/figures/carbon/demographic/demo-04-same-sex.svg",73954,"1900536f64988b5c83dc2c0f9837fe16","PASS: native SVG, kaynak PNG mevcut","PASS: IBM Plex + Carbon Charts metadata/palette","PASS: Carbon Charts",NA,"N/A","N/A",0,0,6,0,7,7
"aile-buyuklugu","Aile büyüklüğü grup bazında dağılım","Aile büyüklüğü","@fig-aile-buyuklugu","quarto-native-vector","docs/raporlar/01_demografik_tibbi_rapor.qmd","_freeze/docs/raporlar/01_demografik_tibbi_rapor/figure-html/aile-buyuklugu-1.png","2884c66dc389ffac69548766fb19d700","docs/assets/figures/carbon/demographic/demo-05-aile-buyuklugu.svg",78907,"248edf7dd53b31503776142a948819ca","PASS: native SVG, kaynak PNG mevcut","PASS: IBM Plex + Carbon Charts metadata/palette","PASS: Carbon Charts",NA,"N/A","N/A",0,0,14,0,13,13
"anne-yas","Anne yaşı grup bazında dağılım","Anne yaşı","@fig-anne-yas","quarto-native-vector","docs/raporlar/01_demografik_tibbi_rapor.qmd","_freeze/docs/raporlar/01_demografik_tibbi_rapor/figure-html/anne-yas-1.png","037fed054a8d463499d511fb7ce3b64a","docs/assets/figures/carbon/demographic/demo-06-anne-yas.svg",120127,"fa57039908717f1643461ab621aa4382","PASS: native SVG, kaynak PNG mevcut","PASS: IBM Plex + Carbon Charts metadata/palette","PASS: Carbon Charts",NA,"N/A","N/A",0,0,2,0,7,7
"beck-grup","Beck Depresyon Envanteri toplam puanı","Beck toplam puanı","@fig-beck-grup","quarto-native-vector","docs/raporlar/01_demografik_tibbi_rapor.qmd","_freeze/docs/raporlar/01_demografik_tibbi_rapor/figure-html/beck-grup-1.png","6915d5a276037eec98ba8ae1bd4668a6","docs/assets/figures/carbon/demographic/demo-07-beck-grup.svg",125637,"9c1e5be6f91a57276744486fe1b9bfb3","PASS: native SVG, kaynak PNG mevcut","PASS: IBM Plex + Carbon Charts metadata/palette","PASS: Carbon Charts",NA,"N/A","N/A",0,0,36,0,15,9
"beck-severity","Anne depresyon şiddet kategorisi","Beck şiddet kategorisi","@fig-beck-severity","quarto-native-vector","docs/raporlar/01_demografik_tibbi_rapor.qmd","_freeze/docs/raporlar/01_demografik_tibbi_rapor/figure-html/beck-severity-1.png","3a6498f18306b721ec3605323a113a00","docs/assets/figures/carbon/demographic/demo-08-beck-severity.svg",110244,"5d8e4926d156dda17c657fa691c0f674","PASS: native SVG, kaynak PNG mevcut","PASS: IBM Plex + Carbon Charts metadata/palette","PASS: Carbon Charts",NA,"N/A","N/A",0,0,12,0,10,10
"antidep","Anne antidepresan kullanımı","Antidepresan kullanımı","@fig-antidep","quarto-native-vector","docs/raporlar/01_demografik_tibbi_rapor.qmd","_freeze/docs/raporlar/01_demografik_tibbi_rapor/figure-html/antidep-1.png","8f5a3145d78cfe8f8ddb0e4f07e83623","docs/assets/figures/carbon/demographic/demo-09-antidep.svg",95610,"e327ccae781f83c5e0aff81de93987ab","PASS: native SVG, kaynak PNG mevcut","PASS: IBM Plex + Carbon Charts metadata/palette","PASS: Carbon Charts",NA,"N/A","N/A",0,0,3,0,7,7
"ses-density","Latent SES kompozit grup bazında","Latent SES dağılımı","@fig-ses-density","quarto-native-vector","docs/raporlar/01_demografik_tibbi_rapor.qmd","_freeze/docs/raporlar/01_demografik_tibbi_rapor/figure-html/ses-density-1.png","a7ac14dc95be54e81f681e15c7b9aaba","docs/assets/figures/carbon/demographic/demo-10-ses-density.svg",108353,"ff3866a7c22df2b0717d0645c8d0b74c","PASS: native SVG, kaynak PNG mevcut","PASS: IBM Plex + Carbon Charts metadata/palette","PASS: Carbon Charts",NA,"N/A","N/A",0,0,4,0,11,11
"egitim","Anne ve eş eğitim seviyesi","Anne/eş eğitim düzeyi","@fig-egitim","quarto-native-vector","docs/raporlar/01_demografik_tibbi_rapor.qmd","_freeze/docs/raporlar/01_demografik_tibbi_rapor/figure-html/egitim-1.png","8bc344e4bf0823e5b4c0eee1a5bd8095","docs/assets/figures/carbon/demographic/demo-11-egitim.svg",113893,"f1922d5bf4dd6ab089f02269500c367d","PASS: native SVG, kaynak PNG mevcut","PASS: IBM Plex + Carbon Charts metadata/palette","PASS: Carbon Charts",NA,"N/A","N/A",0,0,25,2,14,20
"dm-eksik","DM grubu klinik gösterge tamamlanma oranı","DM klinik gösterge tamamlanması","@fig-dm-eksik","quarto-native-vector","docs/raporlar/01_demografik_tibbi_rapor.qmd","_freeze/docs/raporlar/01_demografik_tibbi_rapor/figure-html/dm-eksik-1.png","7b55ca073c3558450a243604720d409f","docs/assets/figures/carbon/demographic/demo-12-dm-eksik.svg",114768,"2a156daa7d752a8be2179dbf4561cb52","PASS: native SVG, kaynak PNG mevcut","PASS: IBM Plex + Carbon Charts metadata/palette","PASS: Carbon Charts",NA,"N/A","N/A",0,0,5,0,10,5
"hba1c","DM grubu HbA1c dağılımı","HbA1c dağılımı","@fig-hba1c","quarto-native-vector","docs/raporlar/01_demografik_tibbi_rapor.qmd","_freeze/docs/raporlar/01_demografik_tibbi_rapor/figure-html/hba1c-1.png","7f40374462e35f4acda2239a8bb4d2f5","docs/assets/figures/carbon/demographic/demo-13-hba1c.svg",92031,"0345c47fa26a0e8e4162e96f4780b209","PASS: native SVG, kaynak PNG mevcut","PASS: IBM Plex + Carbon Charts metadata/palette","PASS: Carbon Charts",NA,"N/A","N/A",0,0,15,0,9,9
"hba1c-target","HbA1c kategorik dağılımı","HbA1c hedef kategorileri","@fig-hba1c-target","quarto-native-vector","docs/raporlar/01_demografik_tibbi_rapor.qmd","_freeze/docs/raporlar/01_demografik_tibbi_rapor/figure-html/hba1c-target-1.png","d2b6e51a53a875b62f9a77dd91b12962","docs/assets/figures/carbon/demographic/demo-14-hba1c-target.svg",85714,"17d0566496b8cd07398212d4318ad137","PASS: native SVG, kaynak PNG mevcut","PASS: IBM Plex + Carbon Charts metadata/palette","PASS: Carbon Charts",NA,"N/A","N/A",0,0,3,0,8,8
"dm-suresi","DM süresi ve tanı yaşı dağılımları","DM süresi ve tanı yaşı","@fig-dm-suresi","quarto-native-vector","docs/raporlar/01_demografik_tibbi_rapor.qmd","_freeze/docs/raporlar/01_demografik_tibbi_rapor/figure-html/dm-suresi-1.png","cb82efd599d259a0aac1e23a2e12c2db","docs/assets/figures/carbon/demographic/demo-15-dm-suresi.svg",120646,"4f119581571157c6ad80ccfff2a83079","PASS: native SVG, kaynak PNG mevcut","PASS: IBM Plex + Carbon Charts metadata/palette","PASS: Carbon Charts",NA,"N/A","N/A",0,0,31,0,16,16
"tani-strata","DM tanı yaşı üç strata","Tanı yaşı üç strata","@fig-tani-strata","quarto-native-vector","docs/raporlar/01_demografik_tibbi_rapor.qmd","_freeze/docs/raporlar/01_demografik_tibbi_rapor/figure-html/tani-strata-1.png","8495ecd5ea15c4ddfe350a607c2af0a0","docs/assets/figures/carbon/demographic/demo-16-tani-strata.svg",66362,"3d1aa819df16d409f12e45308ee38e0d","PASS: native SVG, kaynak PNG mevcut","PASS: IBM Plex + Carbon Charts metadata/palette","PASS: Carbon Charts",NA,"N/A","N/A",0,0,3,0,8,8
"smd-love","Kovaryat dengesi ham gözlem","Ham kovaryat dengesi","@fig-smd-love","quarto-native-vector","docs/raporlar/01_demografik_tibbi_rapor.qmd","_freeze/docs/raporlar/01_demografik_tibbi_rapor/figure-html/smd-love-1.png","436eb4b7f2a02ad27b63b0c5dbeb50b7","docs/assets/figures/carbon/demographic/demo-17-smd-love.svg",138717,"41708ea5fc6d4a74181bae739b0b1312","PASS: native SVG, kaynak PNG mevcut","PASS: IBM Plex + Carbon Charts metadata/palette","PASS: Carbon Charts",NA,"N/A","N/A",0,0,66,0,21,21
"ps-density","Logit propensity score dağılımı","Logit propensity yoğunluğu","@fig-ps-density","quarto-native-vector","docs/raporlar/01_demografik_tibbi_rapor.qmd","_freeze/docs/raporlar/01_demografik_tibbi_rapor/figure-html/ps-density-1.png","1d9a4821470295807089ba703711e7c7","docs/assets/figures/carbon/demographic/demo-18-ps-density.svg",102561,"ea950f25a5016eafe67df61ce510dcd3","PASS: native SVG, kaynak PNG mevcut","PASS: IBM Plex + Carbon Charts metadata/palette","PASS: Carbon Charts",NA,"N/A","N/A",0,0,4,0,8,8
"iptw-balance","IPTW dengeleme etkisi","IPTW dengeleme etkisi","@fig-iptw-balance","quarto-native-vector","docs/raporlar/01_demografik_tibbi_rapor.qmd","_freeze/docs/raporlar/01_demografik_tibbi_rapor/figure-html/iptw-balance-1.png","9a7a1fe011a3922c6bdfed28042d2e74","docs/assets/figures/carbon/demographic/demo-19-iptw-balance.svg",88254,"d157eb65253be7e0f2984136837a1b74","PASS: native SVG, kaynak PNG mevcut","PASS: IBM Plex + Carbon Charts metadata/palette","PASS: Carbon Charts",NA,"N/A","N/A",0,0,16,0,9,9
"eksik-degisken","Aile-düzeyi değişkenlerde eksik veri","Aile düzeyi eksik veri","@fig-eksik-degisken","quarto-native-vector","docs/raporlar/01_demografik_tibbi_rapor.qmd","_freeze/docs/raporlar/01_demografik_tibbi_rapor/figure-html/eksik-degisken-1.png","ad0d714b945b5135f182e61112901fa4","docs/assets/figures/carbon/demographic/demo-20-eksik-degisken.svg",122768,"1df68b48479471109f26f3c0cc137113","PASS: native SVG, kaynak PNG mevcut","PASS: IBM Plex + Carbon Charts metadata/palette","PASS: Carbon Charts",NA,"N/A","N/A",0,0,8,0,10,10
